Lineage,Mutation
B.1.1.7,ORF1a_T1001I
B.1.1.7,S_D614G
B.1.1.7,S_D1118H
B.1.1.7,S_A570D
B.1.1.7,S_S982A
B.1.1.7,ORF1a_A1708D
B.1.1.7,S_T716I
B.1.1.7,S_P681H
B.1.1.7,ORF1b_P314L
B.1.1.7,ORF8_Y73C
B.1.1.7,ORF8
B.1.1.7,N_S235F
B.1.1.7,ORF8_R52I
B.1.1.7,N_D3L
B.1.1.7,N_R203K
B.1.1.7,S_N501Y
B.1.1.7,ORF1a_I2230T
B.1.1.7,ORF1a_del3676/3678
B.1.1.7,S_del69/70
B.1.1.7,ORF1a_S3675K
B.1.1.7,S_del144/145
B.1.1.7,N_G204R
B.1.617.2,ORF3a_S26L
B.1.617.2,S_D614G
B.1.617.2,N_R203M
B.1.617.2,ORF1b_P314L
B.1.617.2,S_P681R
B.1.617.2,M_I82T
B.1.617.2,S_T19R
B.1.617.2,S_T478K
B.1.617.2,ORF7a_T120I
B.1.617.2,S_L452R
B.1.617.2,N_D377Y
B.1.617.2,ORF7a_V82A
B.1.617.2,ORF1b_P1000L
B.1.617.2,ORF1b_G662S
B.1.617.2,N_D63G
B.1.617.2,S_D950N
B.1.617.2,S_del157/158
B.1.617.2,S_E156G
B.1.617.2,ORF8_del120/121
B.1.617.2,ORF8_D119I
B.1.617.2,ORF1a_P2046L
B.1.617.2,ORF1a_V2930L
B.1.617.2,ORF1b_A1918V
B.1.617.2,N_G215C